language,nodes,edges,density,diameter,avg_degree,avg_strength,modularity,global_clustering
LLM,18,57,0.37254901960784315,4,6.333333333333333,62.666666666666664,0.2810095065640561,0.5651162790697675
