language,nodes,edges,density,diameter,avg_degree,avg_strength,modularity,global_clustering
Germany_bluesky_posts,18,76,0.49673202614379086,2,8.444444444444445,133.11111111111111,0.17145855223368942,0.6792452830188679
