language,nodes,edges,density,diameter,avg_degree,avg_strength,modularity,global_clustering
Spain,18,73,0.477124183006536,3,8.11111111111111,188.22222222222223,0.15124061030737007,0.6255924170616114
