language,nodes,edges,density,diameter,avg_degree,avg_strength,modularity,global_clustering
Italy_bluesky_posts,17,44,0.3235294117647059,3,5.176470588235294,64.94117647058823,0.12853785969334186,0.45302013422818793
