language,nodes,edges,density,diameter,avg_degree,avg_strength,modularity,global_clustering
Portugal,18,82,0.5359477124183006,2,9.11111111111111,193.22222222222223,0.1564626547681128,0.6569620253164556
