language,nodes,edges,density,diameter,avg_degree,avg_strength,modularity,global_clustering
Global,18,99,0.6470588235294118,3,11.0,193.33333333333334,0.22232808164883078,0.7547683923705722
